<?xml version="1.0" encoding="utf-8" ?>
<dwsync>
<file name="Environment.php" server="ftp.ikase.org/public_html/autho/web/" local="130592548800000000" remote="130592548800000000" />
<file name="Log.php" server="ftp.ikase.org/public_html/autho/web/" local="130592548800000000" remote="130592548800000000" />
<file name="LogFileWriter.php" server="ftp.ikase.org/public_html/autho/web/" local="130592548800000000" remote="130592548800000000" />
<file name="Middleware.php" server="ftp.ikase.org/public_html/autho/web/" local="130592548800000000" remote="130592548800000000" />
<file name="Route.php" server="ftp.ikase.org/public_html/autho/web/" local="130592548800000000" remote="130592548800000000" />
<file name="Router.php" server="ftp.ikase.org/public_html/autho/web/" local="130592548800000000" remote="130592548800000000" />
<file name="Slim.php" server="ftp.ikase.org/public_html/autho/web/" local="130592548800000000" remote="130592548800000000" />
<file name="View.php" server="ftp.ikase.org/public_html/autho/web/" local="130592549400000000" remote="130592549400000000" />
</dwsync>