<?xml version="1.0" encoding="utf-8" ?>
<dwsync>
<file name="uploadifive.php" server="ftp.cstmwb.com/public_html/" local="130601082229352267" remote="130601190000000000" />
<file name="uploadifive.php" server="ftp.cstmwb.com" local="130592519197305832" remote="130592590800000000" />
<file name="uploadifive.php" server="ftp.ikase.org/public_html/autho/web/" local="130608034415184957" remote="130608106200000000" />
<file name="kases_pack.php" server="ftp.ikase.org/public_html/autho/web/" local="130651287600000000" remote="130651287600000000" />
<file name="tasks_pack.php" server="ftp.ikase.org/public_html/autho/web/" local="130651352400000000" remote="130651352400000000" />
<file name="injurys_pack.php" server="ftp.ikase.org/public_html/autho/web/" local="130650529800000000" remote="130650529800000000" />
<file name="notes_pack.php" server="ftp.cstmwb.com/public_html/" local="130596830467578733" remote="130596938400000000" />
<file name="kases_pack.php" server="ftp.cstmwb.com/public_html/" local="130612432800000000" remote="130612432800000000" />
<file name="events_pack.php" server="ftp.cstmwb.com/public_html/" local="130592585400000000" remote="130592585400000000" />
<file name="index.php" server="ftp.cstmwb.com/public_html/" local="130602263400000000" remote="130602263400000000" />
<file name="injurys_pack.php" server="ftp.cstmwb.com/public_html/" local="130603006154904218" remote="130603113600000000" />
<file name="users_pack.php" server="ftp.cstmwb.com/public_html/" local="130603749402595299" remote="130603857000000000" />
<file name="attorney_search_pack.php" server="ftp.cstmwb.com/public_html/" local="130592585400000000" remote="130592585400000000" />
<file name="corporations_pack.php" server="ftp.cstmwb.com/public_html/" local="130618537944257493" remote="130618609800000000" />
<file name="up.html" server="ftp.cstmwb.com/public_html/" local="130601076725777480" remote="130601184600000000" />
<file name="parties_pack.php" server="ftp.cstmwb.com/public_html/" local="130602978519383556" remote="130603086000000000" />
<file name="persons_pack.php" server="ftp.cstmwb.com/public_html/" local="130614973200000000" remote="130614973200000000" />
<file name="corporations_pack.php" server="ftp.ikase.org/public_html/autho/web/" local="130650439800000000" remote="130650439800000000" />
<file name="persons_pack.php" server="ftp.ikase.org/public_html/autho/web/" local="130650434400000000" remote="130650434400000000" />
<file name="parties_pack.php" server="ftp.ikase.org/public_html/autho/web/" local="130650594000000000" remote="130650594000000000" />
<file name="events_pack.php" server="ftp.ikase.org/public_html/autho/web/" local="130651352400000000" remote="130651352400000000" />
<file name="index.php" server="ftp.ikase.org/public_html/autho/web/" local="130651352400000000" remote="130651352400000000" />
<file name="letters_pack.php" server="ftp.cstmwb.com/public_html/" local="130603082377243886" remote="130603190400000000" />
<file name="documents_pack.php" server="ftp.cstmwb.com/public_html/" local="130603073671145926" remote="130603181400000000" />
<file name="empty_buffer.php" server="ftp.cstmwb.com/public_html/" local="130592585400000000" remote="130592585400000000" />
<file name="adhoc_pack.php" server="ftp.cstmwb.com/public_html/" local="130602996242527262" remote="130603104000000000" />
<file name="letters_pack.php" server="ftp.ikase.org/public_html/autho/web/" local="130652184000000000" remote="130652184000000000" />
<file name="documents_pack.php" server="ftp.ikase.org/public_html/autho/web/" local="130652203200000000" remote="130652203200000000" />
<file name="notes_pack.php" server="ftp.ikase.org/public_html/autho/web/" local="130651352400000000" remote="130651352400000000" />
<file name="messages_pack.php" server="ftp.ikase.org/public_html/autho/web/" local="130651352400000000" remote="130651352400000000" />
<file name="adhoc_pack.php" server="ftp.ikase.org/public_html/autho/web/" local="130632337200000000" remote="130632337200000000" />
<file name="attorney_search_pack.php" server="ftp.ikase.org/public_html/autho/web/" local="130592549400000000" remote="130592549400000000" />
<file name="batchscan_pack.php" server="ftp.ikase.org/public_html/autho/web/" local="130592549400000000" remote="130592549400000000" />
<file name="bodypart_pack.php" server="ftp.ikase.org/public_html/autho/web/" local="130609873200000000" remote="130609873200000000" />
<file name="chats_pack.php" server="ftp.ikase.org/public_html/autho/web/" local="130592549400000000" remote="130592549400000000" />
<file name="connection.php" server="ftp.ikase.org/public_html/autho/web/" local="130650372000000000" remote="130650372000000000" />
<file name="eams_carriers_pack.php" server="ftp.ikase.org/public_html/autho/web/" local="130618615800000000" remote="130618615800000000" />
<file name="eams_reps_pack.php" server="ftp.ikase.org/public_html/autho/web/" local="130638565800000000" remote="130638565800000000" />
<file name="email_pack.php" server="ftp.ikase.org/public_html/autho/web/" local="130592549400000000" remote="130592549400000000" />
<file name="empty_buffer.php" server="ftp.ikase.org/public_html/autho/web/" local="130612756800000000" remote="130612756800000000" />
<file name="error_log" server="ftp.ikase.org/public_html/autho/web/" local="130652184000000000" remote="130652184000000000" />
<file name="hello.php" server="ftp.ikase.org/public_html/autho/web/" local="130592549400000000" remote="130592549400000000" />
<file name="injury_numbers_pack.php" server="ftp.ikase.org/public_html/autho/web/" local="130592549400000000" remote="130592549400000000" />
<file name="php-example.php" server="ftp.ikase.org/public_html/autho/web/" local="130592585400000000" remote="130592585400000000" />
<file name="reminder_pack.php" server="ftp.ikase.org/public_html/autho/web/" local="130592585400000000" remote="130592585400000000" />
<file name="reminders_pack.php" server="ftp.ikase.org/public_html/autho/web/" local="130592585400000000" remote="130592585400000000" />
<file name="setting_pack.php" server="ftp.ikase.org/public_html/autho/web/" local="130645369200000000" remote="130645369200000000" />
<file name="signature_pack.php" server="ftp.ikase.org/public_html/autho/web/" local="130592585400000000" remote="130592585400000000" />
<file name="up.html" server="ftp.ikase.org/public_html/autho/web/" local="130601184600000000" remote="130601184600000000" />
<file name="uploadify.php" server="ftp.ikase.org/public_html/autho/web/" local="130592585400000000" remote="130592585400000000" />
<file name="users_pack.php" server="ftp.ikase.org/public_html/autho/web/" local="130650382200000000" remote="130650382200000000" />
<file name="email_message.php" server="ftp.ikase.org/public_html/autho/web/" local="130612753800000000" remote="130612753800000000" />
<file name="test_attachment_message.php" server="ftp.ikase.org/public_html/autho/web/" local="130612518650501659" remote="130612590600000000" />
<file name="eams_carriers_pack.php" server="ftp.cstmwb.com/public_html/" local="130618544295570767" remote="130618615800000000" />
<file name="messages_pack.php" server="ftp.cstmwb.com/public_html/" local="130615025400000000" remote="130615025400000000" />
<file name="import_tritek.php" server="ftp.ikase.org/public_html/autho/web/" local="130634949600000000" remote="130634949600000000" />
<file name="import_tritek_notes.php" server="ftp.ikase.org/public_html/autho/web/" local="130628005200000000" remote="130628005200000000" />
<file name="import_tritek_transfer.php" server="ftp.ikase.org/public_html/autho/web/" local="130627993800000000" remote="130627993800000000" />
<file name="import_tritek_audit.php" server="ftp.ikase.org/public_html/autho/web/" local="130626331200000000" remote="130626331200000000" />
<file name="import_tritek_transfer_audit.php" server="ftp.ikase.org/public_html/autho/web/" local="130626347400000000" remote="130626347400000000" />
<file name="customer_initial_settings.php" server="ftp.ikase.org/public_html/autho/web/" local="130626241200000000" remote="130626241200000000" />
<file name="import_tritek_documents.php" server="ftp.ikase.org/public_html/autho/web/" local="130626327000000000" remote="130626327000000000" />
<file name="import_tritek_transfer_notes.php" server="ftp.ikase.org/public_html/autho/web/" local="130626349200000000" remote="130626349200000000" />
<file name="carriers_update_data.php" server="ftp.ikase.org/public_html/autho/web/" local="130628194200000000" remote="130628194200000000" />
<file name="rep_update_data.php" server="ftp.ikase.org/public_html/autho/web/" local="130628121053703433" remote="130628193000000000" />
<file name="pdf_pack.php" server="ftp.ikase.org/public_html/autho/web/" local="130639348584629758" remote="130639420200000000" />
<file name="forms_pack.php" server="ftp.ikase.org/public_html/autho/web/" local="130631674800000000" remote="130631674800000000" />
<file name="import_tritek_dob.php" server="ftp.ikase.org/public_html/autho/web/" local="130634983200000000" remote="130634983200000000" />
<file name="connection.php" server="54.149.211.191" local="130638619384320324" remote="130638619200000000" />
<file name="connection.php" server="54.149.211.191/iKase.org/" local="130638619384320324" remote="130638620400000000" />
<file name="uploadify.swf" server="ftp.ikase.org/public_html/autho/web/" local="130167601200000000" remote="130644444600000000" />
<file name="eventmodel.js" server="ftp.ikase.org/public_html/autho/web/" local="130621244400000000" remote="130621244400000000" />
<file name="ical_pack.php" server="ftp.ikase.org/public_html/autho/web/" local="130647141600000000" remote="130647141600000000" />
<file name="ical_publish.php" server="ftp.ikase.org/public_html/autho/web/" local="130649733600000000" remote="130649733600000000" />
<file name="ikalendar.php" server="ftp.ikase.org/public_html/autho/web/" local="130649740800000000" remote="130649740800000000" />
<file name=".htaccess" server="ftp.ikase.org/public_html/autho/web/" local="130592548800000000" remote="130592548800000000" />
<file name=".htaccess-phpup-1403015671" server="ftp.ikase.org/public_html/autho/web/" local="130592548800000000" remote="130592548800000000" />
<file name="0563.jpg" server="ftp.ikase.org/public_html/autho/web/" local="130592548800000000" remote="130592548800000000" />
<file name="07312014.jpg" server="ftp.ikase.org/public_html/autho/web/" local="130592548800000000" remote="130592548800000000" />
<file name="073120141.jpg" server="ftp.ikase.org/public_html/autho/web/" local="130592548800000000" remote="130592548800000000" />
<file name="082914.jpg" server="ftp.ikase.org/public_html/autho/web/" local="130598326200000000" remote="130598326200000000" />
<file name="102414.jpg" server="ftp.ikase.org/public_html/autho/web/" local="130592548800000000" remote="130592548800000000" />
<file name="1024141.jpg" server="ftp.ikase.org/public_html/autho/web/" local="130592548800000000" remote="130592548800000000" />
<file name="1024142.jpg" server="ftp.ikase.org/public_html/autho/web/" local="130592548800000000" remote="130592548800000000" />
<file name="1024143.jpg" server="ftp.ikase.org/public_html/autho/web/" local="130592548800000000" remote="130592548800000000" />
<file name="405_error_.jpg" server="ftp.ikase.org/public_html/autho/web/" local="130592548800000000" remote="130592548800000000" />
<file name="Screens.jpg" server="ftp.ikase.org/public_html/autho/web/" local="130592548800000000" remote="130592548800000000" />
</dwsync>